"106 Homer - Alright, That's The Last Straw, Time To Take Out The Trash"
107 Homer - Boring
108 Homer - Computers Can Do That
109 Homer - Craaaaaaaaap
110 Homer - Damn You All To Hell!
"111 Homer - Doh, Oh, Ok"
112 Homer - Doh
113 Homer - Doheth
"114 Homer - Hahaha, It's Funny Cause It's True"
"115 Homer - Hello, Operator, Give Me The Number For 911"
116 Homer - Hello
117 Homer - I Have A Feeling Some Bad Stuff Is About To Go Down
118 Homer - I'll Bash You Good
119 Homer - Kiss My Curvy Butt Goodbye
120 Homer - Meow Meow Meow Meow
121 Homer - Oh Crap
"122 Homer - Oooh, That's Bad"
123 Homer - Shutup
124 Homer - Stop Pummeling Me! It's Really Painful!
"125 Homer - To Start Press Any Key, Where's The Any Key"
126 Homer - Why You Little
"127 Homer - Won't You Let Me Live, Won't You Please"
128 Homer - Woohoo
"129 Homer - You Tried You Best, And You Failed Miserably"
"130 Homer - You're Living In A World Of Make Believe, With Flowers And"
131 Apu - Thank You For Coming! I'll See You In Hell!
132 Apu - We're Putting That Bitch On Ice
"133 Apu - Yes I'm Sorry, I Do Not Speak English, Ok"
"134 Mr. Burns - Yes, You're In Deep Doh Now"
135 Mr. Burns - Excellent
136 Mr. Burns - Release The Hounds
137 Krusty - I Could Pull A Better Cartoon Outta My Aaaa
138 Krusty - Laugh
139 Bart - Eat My Shorts
"140 Comic Book Guy - I Specifically Said, No Geeks"
"141 Grandpa - Oh No, We're All Doomed"
142 Ned - Oh Indeedly Doodly
143 Nelson - Ha Ha
144 You Are Making Me So Angry
"145 Stop Fighting Back, It's Not Fair"
146 The Cavalry Should Be Coming Directly
"147 Hey, We Didn't Do Nothin To You"
148 You're Not Talkin To Me Are Ya
149 Woah Somebody Was Up Late
150 You Again Don't You Have A Life
151 Bugs - I Better Get Out Of Here While The Getting's Good
"152 Bugs - A Guy Could Get Killed Out There, With All Them Guns Going O"
"153 Bugs - You Poor Little Man, Did I Hurt You With My Naughty Gun"
154 Bugs - Of Course You Know This Means War
155 Bugs - What's Up Doc
156 Bugs - Ain't You Got Nothin Better To Do
157 Bugs - It'll Take Him All Day To Figure This One Out
158 Bugs - Oh You Again
159 Bugs - Yeeeeh Mr Wise Guy Now You're Gonna Get It
160 Bugs - I Cannot Fight No More Against Such Genius
161 Bugs - Just A Minute Partner. Them's Fighting Words
162 Daffy - Watch It Buster
163 Daffy - Mother Said There'd Be Days Like This
"164 Daffy - come on Now, Don't Be Bashful"
"165 Daffy - My, Aren't We Touchy Today"
166 Daffy - Muahahaha
167 Daffy - Fear Clutches My Breast
168 Daffy - Hoho Very Funny Haha It Is To Laugh
169 Daffy - I Hate You
170 Daffy - Sakes Ya Think He Could Find Some Other Place To Put A Buil
"171 Daffy - Oh, No Thanks Are Necessary My Good Man I Was Just Doing My"
172 Daffy - Alright Rasneck Lets See Ya Try That Again
173 Daffy - I Like Him He's Crazy
174 Daffy - Hankering For Trouble Hey
175 Daffy - You Wouldn't Dare
176 Daffy - Look Just Give Me A Chance Can't Ya
"177 Daffy - Alright, Enough Is Enough, This Is It The Final, The Very V"
178 Daffy - I've Never Been So Humiliated In All My Life
179 Daffy - Would It Be Too Much To Ask If We Could Make Up Our Minds
"180 Daffy - Okay, Have It YOUR Way"
"181 Daffy - Hey, Psst, Whoever's In Charge Here"
"182 Daffy - Quick, Quick, Save Me Pal"
183 Daffy - You're Dispicable
"184 Daffy - Heh, Didn't Think I Could Do It Did Ya"
185 Daffy - What's Going On Around Here
"186 Yosemite Sam - Come On, Quit Stalling!"
"187 Yosemite Sam - Now Look It, I Say Look It Here"
188 Yosemite Sam - Running Away Won't Save Ya
189 Elmer Fudd - There's Something Screwy Around Here
"190 Elmer Fudd - Be Vewy Vewy Quiet, I'm Hunting Wabbits!"
191 Granny - Oh Boy That Felt Good
"192 Marvin The Martian - You Have Made Me Very Angry, Very Angry Indeed"
"193 Uh Oh, I Almost Made A Booboo"
"194 Aye Come Here, I've Got Something Good For You, Come On Come On"
195 Little Man I've Had A Busy Day
196 Well Blow Me Down
197 Oh Good Grief
198 You Better Cut It Out Right Now Or I'll Pound You
"199 There's No Need To Fear, Underdog Is Here"
"200 Bruised, Battered, But Never Defeated"
201 We Must Plan For Tomorrow Night. Try To Take Over The World
"202 Goofy - Hyuk, Guess They're Excited, Ahyuk!"
"203 Goofy - Ahyuk, I Still Got The Touch, Ahyuk!"
"204 Timon - Who's The Brains In This Outfit, My Point Exactly"
205 Iago - I Cant Take It Any More
"206 Yao - I'm Gonna Hit You So Hard, It Will Make Your Ancestors Dizzy"
207 Its Over 9000!!!
"208 Sure You Lost, You Lost Bad. And You Made It Look Almost Half Real"
"209 Guns Don't Kill People, The Government Does"
210 Cartman - I Am A Cop And You Will Respect My Authorita
"211 Cartman - Beefcake, Beefcake, BEEFCAKE, BEEFCAKE"
"212 Cartman - Hey, I Don't Have To Take That Crap From You Scrawny Weak"
213 Cartman - Screw You Hippie
214 Cartman - That's It Now I'm All Pissed Off! Take That Hippie
215 Cartman - Get Your Ass To Jail!
216 Cartman - How Would You Like To Suck My Balls
217 Cartman - Fuck Off You Donkey Rippin Shit Eater
218 Cartman - Revenge Is So Very Sweet
"219 Cartman - No Way Dude, We're Not Stayin Alone In Your House"
"220 Mr Garrison - Uh Oh, Retard Alert!"
"221 Mr Garrison - We're Doomed, Goodbye Mr Hat"
"222 Mr Garrison - Yes, For Gods Sake Get On With It"
"223 Mr Garrison - No, You Hear Me, You Go To Hell, You Go To Hell And Y"
224 Stan - You Bastard
"225 Stan - You'll Go And Sit In Front Of The Tv And Eat Cheesy Poofs, A"
226 Chef - Ok Everybody Get In A Line So I Can Whoop All Your Asses
227 Stewie - SAY WHAT!
"228 Stewie - Victory Is Mine, Ahh Damn You All"
"229 Stewie - What Are They Paying You, I'll Double It"
"230 Stewie - You're Useless, I'll Defend Myself And To Hell With All Of"
"231 Stewie - Well Well Mother, We Meet Again"
232 Stewie - Time To Be Bad
233 Stewie - They're Dead You Know
234 Peter - OMG Who The Hell Cares!
235 Peter - Laughing
236 Brian - Oh I Think I'll Manage
237 Trololo
238 Rick - Then I'm Gonna Need You To Put Em Waaay Up Inside Your Butth
239 Rick - Lick Lick Lick My Balls Hahaha Yeah
240 Rick - Riggity Riggity Wrecked Son
241 Rick - Wubbalubadubdub
242 Rick - Hit The Sack Jack
243 Rick - Thank Youuuuuu
244 Rick - That's Retarded
245 Rick - Whatever
246 Floating Head - Good Job!
247 Floating Head - Show Me What You Got!
248 Floating Head - Disqualified
"249 Mr PoopyButthole - Ooowie, What A Season, Sorry I Never Showed Up!"
250 Mr PoopyButthole - OooWie
"251 Mr PoopyButthole - What Did You Do, Hopefully You Didn't Waste Your"
252 Scary Terry - Awww Bitch
253 Bird Person - In Bird Culture This Is Considered
254 Mr Meeseeks - Oooo Yeah Caaan Doo!
255 Morty - Oh Man
256 Morty - Get Your Shit Together
"257 Morty - If You Gotta Take It Somewhere, Take It To The Shit Store A"
"258 Morty - Well Then Get Your Shit Together. Put It In A Backpack, All"
259 My Man
260 Baby Legs Here We Go! That's The Sound I Make When I'm Tryin To Run
261 Butthead - Hehe What A Dork Hehehe
262 Butthead - We're Gonna Be Cool
263 Butthead - This Is The Coolest Thing I Have Ever Seen
"264 Butthead - Uh, Sir, I'm Afraid I'm Gonna Have To Kick Your Ass"
"265 Butthead - Please Come Out, Please"
"266 Beavis - I Am Cornholio, I Have No Bunghole"
"267 Beavis - Fire, Fire"
268 Beavis - Are You Threatening Me
"269 Beavis - Is This Like One Of Those 976 Numbers, What Are You Wearin"
"270 Beavis - You Have Awakened My Bunghole, And Now U Must Pay"
271 Laughing
272 Coach Buzzcut - You Just Made A Fatal Mistake Mister Candyass
273 Coach Buzzcut - I Do The Ass Kickin Round Here
274 Ren - Ahh! You Eediots!
275 Ren - Have You Lost Your Mind
"276 Ren - It's Gonna Kill Us, Run, RUN!"
277 Ren - Why Wont They Leave Me Alone!
278 Ren - Laugh
279 Ren - Laugh 2
280 Ren - Oh What I'm Gonna Do To You
281 Ren - Uuuhuhuhuhuhu
"282 You May Think I'm Beaten, Wait, My Sword, Where Is It, Aahhh"
"283 I'll Teach You To Come Near My City, I Eat People Like You For Brea"
284 Anytime You Wanna Get Into The Fight Just Jump On In 1
"285 Try To Distract Him, I've Got A Plan"
286 That Was A Cowards Tactic
287 Its Too Late To Surrender Now
"288 Remember To Upgrade At The Blacksmith, You Do Have A Blacksmith Rig"
289 I Die With Honor
290 It's Genghis Khan! We Must Flee!
291 Charge
292 Mongols! We Are Doomed For Certain
293 Here They Come. Fire!
"294 I Know Your Admiration For Me Is Great, But Try To Contain Yourself"
"295 Be Gone, You Have Occupied My Lands For Far Too Long"
296 Bowmen Ready
297 Draw Arrows
298 Attack
"299 You Are A Coward And A Weakling, Invading You Will Be A Pleasure"
"300 All Must Fall Before The Might And Right Of My Cause, You Shall Be"
301 Where Are Those Blasted Reinforcements
302 Artanis - Strength In Unity!
303 Artanis - I Am Gravely Disappointed In You
304 Artanis - Our Thoughts Are One!
305 Artanis - Triumph Through Sacrifice!
"306 Artanis - Has It All Been, For NOTHING!"
307 Artanis - Die Die DIE!
308 Battlecruiser - Oh Really
"309 Battlecruiser - I Have An Announcement, I Am Drunk!"
310 Battlecruiser - Identify Yourself
"311 Battlecruiser - I Am Seeing Double, Shoot Them Both!"
312 Ghost - Now That's An Ass Wooping
313 Ghost - Never Say Die!
"314 Ghost - I See Live People, I See Dead People"
"315 Ghost - You Have Something On Your Face, Got It"
"316 Zeratul - I Will Do, What Must Be Done"
317 Marine - You Gonna Give Me Orders
318 Marauder - Its GO! Time
"319 Wraith - I'm Just Curious, Why Am I So Good"
"320 Death Knight - When My Work Is Finished, I'm Coming Back For You"
321 Death Knight - I'm Growing Impatient
322 Death Knight - That Doesn't Hurt
323 Death Knight - Stop That Incessant Clicking
324 Dwarf - Tilt One Back With Me Dog
325 Dwarf - I Love Blowing Things Up
326 Dwarf - Argh There's No Hope For This Lad
327 Human - Face Me Coward
328 Human Peasant - Leave Me Alone
329 Orc Peon - I Would Not Do Such Things If I Were You
330 Orc Peon - Missed Me
"331 Orc Peon - Burp, Excuse Me"
"332 Orc - Do You Feel Lucky, Punk"
333 Tauren - Bring It On
334 LEROY JENKINS
335 (Evil Laugh)
336 Burn Baby Burn
337 Clean Up On Isle 5
338 Damn I'm Good
"339 Die, Weakling!"
340 Do You Smell Something Burning
341 Forget The Brown Bag, You Need A Body Bag
342 Get'em
"343 Going, Going, Gone"
344 Good One!
345 He's Outta There
346 Hoohah!
347 I Am The Angel Of Death
348 I Regret Nothing
349 I'll See You In Hell! (Evil Laugh)
"350 Is It Hot In Here, Or Is It Just Me"
351 Is There A Doctor In The House
352 Keep The Change
353 Kickin Ass
"354 Mmm, I Love A Good Bbq"
355 Now That's A Blue Light Special
356 Oh, Did That Hurt
357 Oww, Do You Have A Booboo
"358 Oww, With The Birthday Suit"
359 See You In Hell
360 Show No Mercy
361 Sissy!
362 Smells Like Chicken
363 Today Is A Good Day To Die
364 Wussie
365 You Should've Gone To Disney Land
366 You're Gonna Need A Massage After This
367 You're Gonna Pay For That
368 You're The Man
369 You Guys Suck
370 There's Only Two Ways This Can End
371 Die You Son Of A Bitch
"372 Life's A Bitch, And Then You Die"
"373 I'm Gonna Kick Your Ass, Bitch"
374 I'm Gonna Have To Open Up A Can Of Whoop-Ass
375 Fire In The Hole!
376 Enemy Down
377 Need Backup
378 Get In Position
379 Stick Together Team
380 Follow Me
381 I'm Hit Need Assistance
382 Cover Me
383 I'm In Position
384 Roger That!
385 Regroup Team
386 Meet At The Rendezvous Point
387 GO GO GO
"388 Ok, Lets Go"
389 Team Let's Get Out Of Here
390 Assault The Base
391 I Need Some Backup
392 Boom
393 Burn Baby
394 Cover Me
395 See Ya
396 Defend The Base
397 Objective Destroyed
398 DirtBag
399 I've Got U Covered
400 I've Got Your Back
401 Hahaha
402 Hang In There
403 Hold This Position
404 That Had To Hurt
405 I'm On It
406 I'm In Position
407 Lets Rock
408 Ya Like That
409 Loser
410 You Have Lost The Match
411 That Was Nasty
412 Next
413 Nice
414 OhYea
415 OnMyWay
416 I'm In Position
417 Roger That
418 Search And Destroy
419 I Just Slaughtered That Guy
420 Sucker
421 You Be Dead
422 I'm Under Heavy Attack
423 Useless
424 Anyone Else Want Some
425 GET OVER HERE!!!!
426 FINISH HIM !!
427 FATALITY !
428 FATALITY 2
429 BABALITY !
430 Flawless Victory
431 Flawless Victory Fatality
432 You Weak Pathetic Fool
433 Super Mario Loses Life
434 Super Mario Course Clear
"435 Listen, You Haven't Seen The Coolest Part, This Is Gonna Blow You A"
"436 I'll Soon Rule The World, But First You Have To Die"
437 Tell Ya Mother You're Not Coming Home
438 Darth Vader - All Too Easy
439 Darth Vader - I Find Your Lack Of Faith Disturbing
440 Darth Vader - It Is Pointless To Resist
"441 Darth Vader - There Is No Escape, Don't Make Me Destroy You"
442 Darth Vader - You Should Not Have Come Back
"443 Darth Vader - You Are Beaten, It Is Useless To Resist"
444 Darth Vader - If You Only Knew The Power Of The Dark Side
445 Darth Vader - Don't Make Me Destroy You
446 Darth Vader - Impressive
447 Darth Vader - Leave That To Me
448 Darth Vader - NOOOOOO
449 Obi Wan - If You Strike Me Down I'll Become More Powerful Than You
450 Obi Wan - You Must Learn The Ways Of The Force
"451 Obi Wan - The Force Will Be With You, Always"
452 Yoda - Laughing
453 Yoda - HmmMMmmm
454 Emperor - Everything Is Proceeding As I Have Foreseen
455 Emperor - Witness The Firepower Of This Fully Operational Battle St
"456 Han Solo - How We Doing, Same As Always, That Bad Eh"
"457 Han Solo - Good Luck, You're Gonna Need It"
458 C3PO - We're Doomed
459 C3PO - We Seem To Be Made To Suffer
460 Luke - I Have A Very Bad Feeling About This
461 Jabba - Laughing
462 I Think It Is Time To Demonstrate The Full Power Of This Station
463 Move The Fleet Away From The Deathstar
464 You May Fire When Ready
465 That's Impossible Even For A Computer
"466 Red Leader Standing By, Gray Leader Standing By"
467 Emperor - Begin Landing Your Troops
468 Emperor - Wipe Them Out - All Of Them
"469 Yoda - Always Two There Are, A Master And An Apprentice"
470 At Last We'll Have Revenge
471 This Is A Battle I Do Not Think That We Can Win
472 Queen Amidala - We Must Do Something Quick
473 Jar Jar - You'sa People Gonna Die
"474 A Communications Disruption Can Mean Only One Thing, Invasion"
"475 Now You See That Evil Will Always Triumph, Because Good Is Dumb"
476 What The Hell Was That
477 Smoke If Ya Got Em
"478 You're Looking At Now, Sir. We're At Now, Now"
479 Go Back To Then! When. Just Now. When Will Then Be Now
"480 Who Is He. He's An Asshole Sir. Asshole, Major Asshole"
"481 And His Cousin. He's An Asshole, Too, Sir. Gunner's Mate First Clas"
482 How Many Assholes We Got On This Ship Anyhow. YO
"483 I Knew It, I'm Surrounded By Assholes"
"484 Keep Firing, Assholes"
"485 Sorry Sir, Doing My Best"
486 What Should We Do Now Sir
487 Prepare To Attack. Prepare To Attack!
488 You Are Ugly When You're Angry
"489 Having Trouble With The Radar Sir. I've Lost The Bleeps, Sweeps, An"
490 Go Away
491 Who Are The Britons
"492 Help, Help, I'm Being Repressed"
493 Come And See The Violence Inherent In The System!
494 King Arthur - Bloody Peasant!
495 French Guard - Mind Your Own Business!
"496 French Guard - You Don't Frighten Us, English Pig Dogs!"
"497 French Guard - I Blow My Nose At You, You And All Your Silly Englis"
498 French Guard - I Don't Want To Talk To You Empty Headed Food Trough
499 French Guard - I Fart In Your General Direction!
"500 French Guard - Your Mother Was A Hamster, Your Father Smelt Of Elde"
501 Bring Out Your Dead!
502 I'm Not Dead!
503 I'm Getting Better. No You're Not You'll Be Stone Dead In A Moment
504 Black Knight - None Shall Pass
505 Black Knight - I Move For No Man
506 Black Knight - Come On Ya Pansy
507 King Arthur - You Fight With The Strength Of Many Men Sir Knight
508 Black Knight - Tis But A Scratch
509 King Arthur - Victory Is Mine
510 Black Knight - Just A Flesh Wound
511 King Arthur - What Are Ya Gonna Do Bleed On Me
512 Black Knight - I'll Bite Your Legs Off
513 King Arthur - You're A Loony
"514 Black Knight - Alright, We'll Call It A Draw"
515 Tim - Death Awaits Ye All With Nasty Big Point Teeth
516 King Arthur - Run Away! Run Away!
517 Tim - I Warned You But Did You Listen To Me Oh No You No
518 Lancelot - We Have The Holy Hand Grenade
"519 Oh, Lord, Bless This Thy Hand Grenade"
520 Alwight Alwight We'll Kill Him First And Then Have Tea And Biscuits
521 Brave Sir Robin Ran Away. When Danger Reared Its Ugly Head
"522 Bridge Keeper - What, Is Your Favorite Color"
"523 Bridge Keeper - What, Is The Airspeed Velocity Of An Unladen Swallo"
524 Lets Not Bicker And Argue About Who Killed Who
"525 King Arthur - Shut Up, And Go And Change Your Armor"
"526 Monks - Pie Iesu Domine, Dona Eis Requim"
"527 We Are The Knights Who Say, Ni!"
528 Song - Always Look On The Bright Side Of Life
"529 Uh, Is This The Right Room For An Arguement"
"530 Hello, Uh, Can We Have Your Liver"
531 No One Expects The Spanish Inquisition
532 Dr Evil - Laughing
533 Dr Evil - Come Mr. Bigglesworth
534 Dr Evil - I Shall Call Him Mini Me
535 Dr Evil - I'm Going To Go Back To The 60s And Steal Austin Power's
536 Dr Evil - I'm Gonna Get You Austin Powers
"537 Dr Evil - I've Been A Frickin Evil Doctor For 30 Frickin Years, Ok"
538 Dr Evil - Mr President In 12 Hours I Will Destroy Washington With T
539 Dr Evil - Why Make Trillions When We Could Make Billions
"540 Dr Evil - Throw Me A Freakin Bone Here, I'm The Boss, Need The Info"
"541 Dr Evil - Remind Me What I Pay You People For, Throw Me A Bone Here"
542 Austin - Very Shagadelic
543 Austin - Smashing Baby
544 Patty O'Brien - They're Always After Me Lucky Charms
"545 Fat Bastard - Come Here, I'm Gonna Eat Ya"
"546 Fat Bastard - I'm Bigger Than You, I'm Higher In The Food Chain!"
547 Fat Bastard - Get In My Belly Come On
548 Fat Bastard - You're Lucky Wee Man
549 Fat Bastard - Let Me Make You A Deal Allright
550 Dr Evil - Riiiiiiiiiiiiiiiight
551 Mustafa - I'm Still Alive But I'm Very Badly Injured
552 Kirk - Enough Talk - Let's Get On With It
553 Kirk - Oh My God
554 Kirk - This Game Has Gone On Long Enough
555 Kirk - You're A Bumbling Inept Fool
556 We Come In Peace And You Blatantly Defile That Peace
"557 You're Not As Stupid As I Thought, You Might Even Be Intelligent"
"558 You Misunderstand Me Lad I'm Not Asking You, I'm Telling You, You H"
559 That Was Too Easy
560 Worf - I Will Be Standing By To Assist You If Needed
561 Worf - A Warrior Does Not Complain About Physical Discomfort
562 Picard - The Line Must Be Drawn Here
563 Picard - I Will Make Them Pay For What They've Done
564 I Now Formally Request Your Assistance
565 A Most Excellent Idea Sire
566 We Won! Victory!
567 To The Death!
"568 You Are Outmatched, Ha, You Have No Heavy Cavalry"
569 We Must Not Divide Our Forces
570 We Have Beaten The English
"571 I Am Skilled In The Arts Of War And Military Tactics, Sire"
"572 You Are Under My Orders, Sir"
573 Are You Ready For A War!
"574 They May Take Our Life, But They'll Never Take, Our Freedom!"
575 Who Is This Person Who Speaks To Me As Though I Needed His Advice
"576 You Tell Your King, William Wallace Will Not Be Ruled"
"577 See This, This Is My BOOM Stick!"
578 Ooh That's Gotta Hurt
"579 Buckle Up Bonehead, Cause You're Going For A Ride"
580 Hail To The King Baby
"581 Ready The Catapults, By God, Let's Give Em What For"
582 Go Ahead And Run. Run Home And Cry To Mama
583 Come Get Some
584 Oh You Little Bastards
585 Alright Who Wants Some
"586 You Ain't Leading 2 Things Right Now, Jack And Shit, And Jack Left"
"587 Wherever There Is Injustice, You Will Find Us"
"588 Wherever There Is Suffering, We'll Be There"
"589 Wherever Liberty Is Threatened, You Will Find, The 3 Amigos!"
590 THIS IS SPARTA!
"591 For Tonight, We Dine IN HELL"
592 I Want The Truth!
593 You Can't Handle The Truth!
594 Cut Me Some Slack Jack
"595 They Found Us, Run For It!"
596 Do It Now!
"597 That's It Man Game Over Man, Game Over!"
598 Its Game Time
599 Let's Rock! Yeah!
600 Attention. Emergency. All Personnel Must Evacuate Immediately
601 There They Go Over There Get Em
"602 Look Man, I Only Need To Know One Thing. Where They Are"
603 What Are We Going To Do Now. What Are We Gonna Do
604 We Just Got Our Asses Kicked Pal
605 Now What Are We Supposed To Do
606 Well Excuse Me But Fuck You
"607 Over, Did You Say Over. Nothing Is Over Until We Decide It Is"
"608 My Advice To You, Start Drinking Heavily"
609 I Love The Smell Of Napalm In The Morning
610 Houston We Have A Problem
611 Somebody Dial 911!
612 Joker - Lets Put A Smile On That Face!
613 Joker - Why So Serious
614 Hey Don't Worry I Can Handle It
615 Now This Really Pisses Me Off To No End
616 I Was Born Ready
617 Death - You Must Play Me Again
618 Excellent
619 No Way
620 You Would Need 3 Promotions To Get To Be An Asshole
"621 The Women, How Much For The Women"
622 You InsignifiCUNT!
"623 Morons, I've Got Morons On My Team"
"624 Well, You Know, It Could Be Worse"
"625 When Boy, When, Are You Gonna Get Your Act Together!"
626 Hey This Is Great Man
627 You're A VIRGIN
"628 You Scared Mother Fucker, Well You Should Be"
"629 What We've Got Here Is, Failure To Communicate"
"630 I Am The Devil, And I Am Here To Do The Devil's Work"
"631 Now You Listen To Me Mister, You Just Destroyed A Building!"
"632 Look, You Want The Asshole Of The Year Award, You Got My Vote, Ok"
"633 Oh, You Learn Quickly, That's Good, I Like That"
"634 We Have Won Battles Against Armies, And Now One Man Defeats All My"
635 Run Home To Your Mother Boy
"636 Let's Go, Let's Go, I'm Bored, Let's Go"
637 Hey Bud What's Your Problem
638 How Could I Have Been So Careless
"639 You're Still Here, It's Over, Go Home, Go"
640 Ass Licking Son Of A Bitch
641 YOU GOT KNOCKED THA FUGGG OUT!
"642 I Know What I'm Doing Man, Stfu. Lol"
"643 Oh, You Little Maggot! You Make Me Want To Vommit!"
644 I Have Failed Because You Have Not Helped Me
"645 Sir, Yes Sir!"
646 What Is Your Major Malfunction Numbnuts
"647 That Has Already Happened Once, It Must Never, Never Happen Again"
648 Retreat Is No Longer An Option
"649 My Friend, Don't Be A Jerk"
650 Well Now Don't You Bet Your Life On It
"651 I Think We Better Split Up. Good Idea. Yea, We Can Do More Damage T"
"652 We Came, We Saw, We Kicked Its Ass!"
"653 Fuck You, Fuck You, Fuck You, You're Cool, And Fuck You, I'm Out!"
654 You Stupid FUCK
"655 I Can't Cope With Any More Of This, I'll Just Go And Have A Lie Dow"
656 Keep It Up You'll Be Carrying Your Face Home In A Doggy Bag
657 Looks Like They're Preparing An Invasion
"658 Who's The Man Huh, Who's The Man"
659 Our Situation Has Not Improved
"660 Don't Make Me Do This, I Cannot"
"661 Now Listen To Me, I Beg Of You Not To Do This Thing"
"662 What Are You, Some Kind Of Doomsday Machine Boy!"
"663 Bond, James Bond"
"664 Oh! Help, We're Being Brain Washed!"
665 T-Rex Roar
666 You're Getting Pretty Ambitious Aren't Ya
"667 You Know What I Mean By Assaulted, Huh, Well I Mean Assaulted!"
"668 Come On Now, Lets Get This Army Of Mine Back In The War"
"669 Now If Any Of You Sons Of Bitches, Got Anything Else To Say, Now's"
670 I Don't Like Your Jerkoff Name. Face. Behavior. And I Don't Like Yo
"671 When It Comes To Chowing Down On A Real Man, Quite The Little Wussi"
672 I'm As Mad As Hell And I'm Not Gonna Take This Anymore!
673 I Will Fucking Destroy You. I Will Make It My Mission In Life
"674 Death, What Do You All Know About Death"
"675 Bye Bye Boys, Have Fun Storming The Castle"
"676 Hello, My Name Is Inigo Montoya, You Killed My Father, Prepare To D"
677 Inconceiveable
"678 I Am No One To Be Trifle With, That Is All You Ever Need Know"
679 You'd Like To Think That Wouldn't You
680 Will You Ever Quit! No! We Want Some More!
681 Are You Gonna Bark All Day Little Doggy Or Are You Gonna Bite
682 Might I Have Your Name Before I Have You Run Through
683 I'm Gonna Cut Your Heart Out With A Spoon
684 Back Off Or There Will Be Trouble
685 I'm Afraid That's Something I Cannot Allow To Happen
686 I See Dead People
"687 Hey Man, You Know, I'm Right Here. You Can Say That Shit To My Face"
"688 You Have One More Chance, Apologize And Resign"
689 How Do You Want It. You Want It Sugar Coated Or Between The Eyes
690 WE'RE LOSIN! They're Burying Us Alive! You're Blowin It!
691 I Gotta Barbeque Your Ass!
692 Owww! Ahh! Ah! Ahh!
693 I'm Gonna Rip Your Fuckin Spine Out I Swear To God
"694 I Only Have One Rule. Everyone Fights, No One Quits"
695 Before We Proceed Any Further We Gotta Get Somethin Straight
696 What's It Like Knowing You're About To Die
697 Who The Fuck Do You Think You're Talking To
698 I'll Rip Your Fuckin Balls Off And Stuff Em Up Your Ass!
699 What Do We Do Now Soldier
700 I'll Cut Your Fuckin Nuts Off. You Understand That
"701 You Imbecile, You Bloated Idiot, You Stupid Fat Head You, 'cries'"
702 You Gotta Be Fuckin Kidding
703 I Have Come Here To Chew Bubblegum And Kick Ass And I'm All Outta B
704 Pay Attention Boys I'll Show U How It's Done
705 Buzz - Don't Even Think About It Cowboy
706 Buzz - I Just Want You To Know That Even Though You Tried To Termin
707 Buzz - There Seems To Be No Sign Of Intelligent Life Anywere
"708 Buzz - You're Mocking Me, Aren't You"
709 Rex - I Don't Like Confrontations
710 Sarge - Where Is Your Honor Dirt Bag. You Are An Absolute Disgrace
"711 Alien - Farewell My Friend, I Go On To A Better Place"
712 I'm The King Of The World!
713 You Gonna Do Something Or Just Stand There And Bleed
714 Does This Mean We're Not Friends Anymore
715 Get Lost You Maggot
716 I'll Rip Out Your Eyes And Piss On Your Brain
717 Never Interrupt Your Enemy When He Is Making A Mistake
718 Wayne - Denied
"719 Wayne - Yeah, And Monkeys Might Fly Out Of My Butt"
720 Wayne - Are You Mental
721 Wayne - Not
722 Wayne - Hey What Are U Up To
723 Wayne - No Way
724 Garth - It's Almost Too Easy
725 Garth - He's Gonna Be Ooo K
726 Garth - Hey Mr Donut Head Man Who's Trying To Kill You
727 Wow Your Amazing Dude
728 Shut Your Anorexic Malnutrition Diet Drinking Ass Up
729 Dorothy - What Would You Do With A Brain If You Had One
730 You Can All Go Fuck Yourselves
"731 I'm The Juggernaut, Bitch!"
732 Tell Me Where The Rest Of Your Men Are Hiding
733 I Want To Play A Game
"734 Live Or Die, Make Your Choice"
"735 Congratulations, You Are Still Alive"
"736 Most People Are So Ungrateful To Be Alive, But Not You, Not Anymore"
"737 Your Suffering Will Be Legendary, Even In Hell"
"738 No Tears, Please. It's A Waste Of Good Suffering!"
739 We'll Tear Your Soul Apart
"740 Redrum, Redrum, Redrum, Redrum!"
741 I'm Just Gonna Bash Your Brains In. I'm Gonna Bash Em Right The Fuc
"742 Hi, I'm Chucky, Wanna Play! Ahh!"
"743 I'll Kill You All! Haha! I'll Drive You Crazy, And I'll Kill You Al"
"744 There Is Nothing To Worry About, You're Gonna Be Just Fine. I'm You"
"745 Whatever You Do, Don't Fall Asleep"
746 They're Here
"747 AH HA HA HA HA HA HA HA, SHUT UP!"
"748 All Right Lets Go, You Like That Old Man, You Want A Piece Of Me"
"749 Bob Barker - I Think You've Had Enough, No, Now You've Had Enough"
750 Rock And Roll!
"751 Sir, One More Outburst I Will Strangle You With My Microphone Wire"
752 Time To Open Up Some Whoop-Ass
753 So That's What Opening Up A Can Of Whoopass Feels Like
754 'Spanish Muttering'. Slow Down
"755 There's Nothing You Can Do About It, Cause I'm A Mad Man!"
756 Why Don't You Just Watch Me And Make Sure I Don't Do Anything Stupi
"757 You Want Some More Of That, I Didn't Think So!"
758 I Wanna Hear You Scream
759 It Was Not What I Wanted!
760 Say Hello To My Little Friend!
761 You're A Piece Of Shit You Fucking Cockroach
"762 Come On, Come On!, Kill Me!, I'm Here!, Kill Me!, Come On!, Kill Me"
"763 Come On, Don't Bullshit Me"
764 Come With Me If You Want To Live
765 Don't You Know The Building Is On Fire
766 GAME OVER
767 Going To Play A Wonderful Game
768 Good Morning
"769 Hasta La Vista, Baby"
770 Hi
771 How Are You
772 Howdy Stranger
773 I Do Not Want To Touch His Ass
774 I Don't Play That Game
775 I'll Be Back
776 I'm Back
777 Just Do What I Tell You
778 Why Not
779 No
780 Prepare To Be Conquered
"781 Put That Cookie Down, Now!"
782 So Why Am I Still Alive
783 What's A Matter
784 Stop It
785 Stop Whining!
786 What The Fuck Did I Do Wrong
787 What The Hell Were You Thinking
788 Who Are You
789 Who The Fuck Are You
790 Yes
791 You Son Of A Bitch
792 You Started It
793 You've Just Been Erased
794 I Wish You Could Shut Your Big Yapper!
795 Oh My God We're Burning Alive!
796 Sweet Mother Of God! What Is The Holdup!
797 Well La De Frickin Da!
798 Dying Ain't Much Of A Living Boy
799 Go Ahead Make My Day
800 Such Ingratitude After All The Times I've Saved Your Life
"801 You Made A Mistake, Well That Was Entirely Unacceptable"
802 Hey Hey Hey Hey Hey
803 I Am The Lord Of The Dance
804 I'm An Asshole And I'm Proud Of It
805 Pull Up Your Pants
806 Relax
807 Sorry
808 What The Hell Were You Thinking
809 You're Going Down
810 You're Welcome
811 Jesus Christ! I've Met Some Dumb Bastards In My Time But You Outdo
"812 No No, Don't Do That, If You Shoot Him You'll Just Make Him Mad"
813 What's The Matter With You People I Was Joking! Don't You Know A Jo
814 You Stupid Ignorant Son Of A Bitch Dumb Bastards!
815 Ace Ventura - Alrighty Then
816 Ace Ventura - Here I Come To Save The Day
"817 Ace Ventura - Hi, I'm Looking For Ray Finkle, And A Clean Pair Of S"
818 Ace Ventura - How Can I Get This Work Done With All Of The Shouting
"819 Ace Ventura - I Just Cant Do It Captain, I Don't Have The Power!"
820 Ace Ventura - I Was Way Off
"821 Ace Ventura - I'm Warning You, I'm Seriously Stressed Here"
822 Ace Ventura - Killer Boots Man!
823 Ace Ventura - Laughing
824 Ace Ventura - What Happened To Him What Happened To Me
"825 Ace Ventura - Yes! Yes! Oh, Yea! Can You Feel That Buddy! Huh, Huh"
"826 Ace Ventura - You Know, Could Put Somebody's Eye Out With That Thin"
"827 Cable Guy - Ha Ha Ha Ha Ha, You Are Too Easy"
828 Cable Guy - I Can Be Your Best Friend Or Your Worst Enemy
829 Cable Guy - I'm Kind Of A Perfectionist
830 Cable Guy - Lets Get It On
831 Cable Guy - No Sweat Off My Sac
832 Cable Guy - No Way
"833 Cable Guy - Oh I See, We're Playing Prison Rules Huh"
"834 Cable Guy - Who Told You That, What Is His Name"
"835 Cable Guy- Well Maybe I Shouldn't Have Come At All, Jerkoff!"
836 Fire Marshall Bill Just What The Heck Do You Think You're Doin
837 Grinch - But What Would I Wear
"838 Lloyd - Man, You Are One Pathetic Loser"
839 Mask - That's Gotta Hurt
840 Riddler - Now The Real Game Begins
"841 Get This Through Your Head Motherfucker, You Only Exist Out Here Be"
842 You Shit Kicking Stinky Horse Manure Smelling Mothafucka You
"843 You're Warned Don't Ever Go Over My Head Again, You Mother Fucker Y"
"844 Well This Whole Place Sucks, That's Right, It Sucks"
845 You Know What The Scariest Thing Is
846 I DON'T REMEBER ASKING YOU A GOD DAMN THING
"847 Oh, I'm Sorry Did I Break Your Concentration"
848 Say What Again. I Dare You Mother Fucker! Say What One More God Dam
"849 There Is A Sole Survivor, And He Is Miraculously Unharmed"
850 I Am So Screwed
"851 Ay, Ay, AY! You Trying To Rush Us"
852 By Doggies That's Hittin Low
"853 Please, Please, You've Got To Help Me. I Don't Want To Die, I Want"
854 I OWN YOU
855 Chandler - Is It Wrong That I Was Totally Aroused By That
"856 Cant Do This To Me, I'm A Legend"
"857 He Wants A Challenge, Lets Give Him One"
"858 You Know, Sometimes I Feel Like You Guys Don't Want Me To Take Over"
859 I Seem To Have Died Is That Okay
"860 Boy, The Potential For Something To Happen Is Very High Right Now"
861 There's About A 1 In 4 Chance We're Gonna Come Out Of This Alive
862 You Are An Impudent Fool
"863 We Attack Tomorrow, Under Cover Of Daylight. The Last Thing They'll"
"864 Very Well, If That's The Way You Want To Play It"
"865 We Have To Face Facts, The War Is Lost"
"866 I'm Dangerous, I'm Very Very Dangerous!"
867 That Guy's Coming Home In A Body Bag
868 I'm Sorry. This Is What Comes Of Living Under A Nazi Regime
869 Who Wants To Have Some Fun!
870 Well Isn't That Special
871 I'm Trying To Think But Nothing Happens
"872 Woowuwuwuwuwu. Nyuk, Nyuk, Nyuk"
873 I'll Explain It So Even You Can Understand. My Colleagues Will Assi
"874 Hey Fool, This Stuff Is Dangerous It'll Burn Your Face Right Off"
875 NOO GOD! No! God! PLEASE NO! No! No! NOOOOOOOOOO
876 And Now Ladies And Gentlemen Let's Get Ready To Rumble
877 Do You Want To Go One On One With The Great One
878 It Doesn't Matter What Your Name Is
879 Battle Cry
880 Wuthaaaa
881 Wazaa
882 Wuzaaaa
883 Wuhzaaaa
"884 Watching The Game, Having A Bud"
"885 Nuttin B, Just Watching The Game, Having A Bud"
"886 Nothing, Watching The Game, Having A Bud"
887 I Feel I Must Apologize For The Conduct Of My Nation In The War
888 Scumbag Fuckface Dickhead Asshole
889 Shit Eating Son On A Bitch
890 Bastard Douchebag Twat Dickhead
"891 Dick Brained, Horseshit, Slime Sucking, Son Of A Whore, Bitch!"
"892 Fuck You, Yeah That's My Message For You. Fuck You And Kiss My Ass"
893 Fuck Your Own Face!
894 Go FUCK Yourself
895 Muthafucka!
"896 Hey, Fuck You"
897 I Will Massacre You! I Will Fuck You Up!
898 Why Don't You Go Home And Fuck Your Mother Some More
899 You Cock Juggling Thunder Cunt!
900 You Fucker's Fucker! You Fucker! Huh Huh Huh
901 You Mother Fucking Worthless Cocksucker!
"902 For The Tenth Time If You Don't Shut Up, I'm Gonna Positively Kill"
"903 Meow Meow Meow Meow Meow, Shut The Fuck Up Will Ya!"
"904 Shutup, Shutup, Shutup, Just Shutup"
905 Shutup
906 STFU! I'm Gonna Kill You
907 I Gotta Go To The Bathroom!
908 Haha I Believe He Said He Had To Go Pee
909 I Really Gotta Pee
"910 You Ain't Cool, Unless You Pee Your Pants"
911 Chainsaw Reving
912 Man Screaming
913 Taps
914 Bugle Call
915 Gong
916 Random
917 Wolf
918 Chicken Sound
919 Burp
920 Coughing
921 Snoring
922 Snoring 2
"923 Pffft Oh, You Farted"
924 Drowning
925 Crowd Cheering
926 Welcome
927 Goodbye
928 Kid Crying
929 Baby Crying
930 Baby Crying (Autotuned)
"931 Boy, You're Hurting Me"
932 Get Away From Me U Stupid Idiot
933 Uh Oh
"934 Wussy, Wussy, Wussy"
935 YOU'RE A NOOB!
"936 Allelujah, Allelujah, Allelujah, Allelujah, I Am Still Avlie"
937 Please Don't Kill Me
938 Shutup
939 You Stink
940 OH Yeah!
941 Hooo-Ha
942 Yeeehaaa
943 Yeeehhhhaaaooo
944 Oh That Sucks
945 This Sucks
946 All Your Base Are Belong To Us
947 Oh I'm So Scared
"948 Listen Bro, You Got A Problem With My Coolness Unh Unh Unh"
"949 Hey Girl You Looking Good, Wanna Come Back To My Place And Derp"
950 Aww Yeeah First Place Bitches! LOL
"951 OMG You Fucking Loser, I Know You Hacked. I'm Gonna Tell The Admin"
"952 If I Haven't Told You Once, I've Told You Twice. I'm The Best There"
"953 Boy, I Told You I Was Crazy Now. Gonna Make Me Run A Makeover On Yo"
954 People Like Me I'm The Champ
955 I'm Gonna Get You Sucka
956 That Was A Record!
957 Are You Still There
"958 That's It, Lets Do It I'm Ready"
959 Woah! What The Hell's Your Problem
960 COOL!
961 He'll Be Fun To Break
"962 What Are You Waiting For, Come On, Come On"
963 France Has Fallen!
964 Long Live France!
"965 You Never Meant To Keep You Word, You Have No Honor, You Are A Chea"
966 We're Taking This Place Over
967 Time To Play
968 There Will Be Blood
969 Our Base Is Under Attack
"970 Frankly Son, You Frighten Me"
"971 C'mon, Gimmie A Break"
972 Warning! Warning!
973 Don't Do That
974 Don't Touch Me
"975 Go Away, I'm Busy"
976 Nice Try But I'm Afraid You Can't Do That
977 I've Been Looking For You
978 Hello Yoohoo Anybody Here
979 We're Gonna Win!! Haha
980 Open This Gate!
981 You're Ugly And Your Mother Dresses You Funny
982 Oh That Was Painful Wasn't It
983 I Hope He's Well Insured
984 Come On Man
985 Haahahahaahaaahaha
986 Hahahahahaha
987 HAAhahaHaha
988 Yeaahahaha Hahahahahee
"989 HAHA, Assholes!"
990 Wicked Laugh
991 Bad Cackle
992 Hmhmhmmhahahaha
993 Wuuwhowhohahahahaha
994 Hehhehhehhawhawhaw
995 Ha Ha Ha
996 HahAhahaHa
997 Hahahaha GOT EM!
998 Hahahahahaahaahaa
"999 You Are An Idiot, Hahahahahahaha"